Feature.ID	kw.ep	kw.eBH	glm.ep	glm.eBH
d__Eukaryota; Ascomycota; Sordariomycetes	0.000197509851005	0.003637891408332	2.85E-07	5.39E-06
d__Eukaryota; Chytridiomycota; Chytridiomycetes	0.002871126643187	0.017531821973223	0.000453433523132	0.003186995907256
d__Eukaryota; Ascomycota; Dothideomycetes	0.003755429885858	0.020407388870091	0.003112131199086	0.011083876458474
d__Eukaryota; Basidiomycota; Agaricomycetes	0.008908246884943	0.030602659352192	0.007106459646673	0.021615750366037
d__Eukaryota; Mucoromycota; Glomeromycetes	0.042533983948914	0.042533983948914	0.089267793340871	0.132075821855907
d__Eukaryota; Basidiomycota; Malasseziomycetes	0.019386213205888	0.046862803055313	0.018281410334143	0.041159990780626
